id_studenta;uczelnia;rok_studiow
1;Uniwersytet Krolewski;I
2;Akademia Sztuk Pieknych;II
3;Uniwersytet Krolewski;I
4;Politechnika Krolewska;II
5;Politechnika Informatyczno-Elektroniczna;IV
6;Politechnika Krolewska;I
7;Politechnika Informatyczno-Elektroniczna;V
8;Politechnika Krolewska;II
9;Uniwersytet Krolewski;V
10;Uniwersytet Krolewski;V
11;Akademia Sztuk Pieknych;V
12;Politechnika Krolewska;I
13;Politechnika Informatyczno-Elektroniczna;I
14;Uniwersytet Krolewski;II
15;Uniwersytet Sportu i Turystyki;I
16;Uniwersytet Krolewski;II
17;Wyzsza Szko쓰 Techniczna;I
18;Uniwersytet Sportu i Turystyki;IV
19;Uniwersytet Krolewski;I
20;Politechnika Krolewska;I
21;Uniwersytet Krolewski;I
22;Uniwersytet Krolewski;I
23;Uniwersytet Krolewski;II
24;Uniwersytet Sportu i Turystyki;IV
25;Politechnika Informatyczno-Elektroniczna;II
26;Uniwersytet Muzyczny;IV
27;Politechnika Krolewska;I
28;Politechnika Krolewska;III
29;Politechnika Krolewska;III
30;Uniwersytet Pedagogiczny;I
31;Politechnika Krolewska;I
32;Uniwersytet Krolewski;III
33;Politechnika Krolewska;V
34;Uniwersytet Krolewski;I
35;Politechnika Krolewska;III
36;Politechnika Informatyczno-Elektroniczna;I
37;Politechnika Krolewska;I
38;Uniwersytet Krolewski;I
39;Uniwersytet Muzyczny;I
40;Uniwersytet Ekonomiczny;I
41;Uniwersytet Krolewski;I
42;Uniwersytet Krolewski;I
43;Uniwersytet Krolewski;V
44;Uniwersytet Krolewski;I
45;Uniwersytet Krolewski;I
46;Politechnika Krolewska;III
47;Politechnika Informatyczno-Elektroniczna;V
48;Politechnika Krolewska;I
49;Politechnika Informatyczno-Elektroniczna;I
50;Politechnika Informatyczno-Elektroniczna;I
51;Uniwersytet Pedagogiczny;I
52;Uniwersytet Krolewski;II
53;Uniwersytet Sportu i Turystyki;II
54;Uniwersytet Krolewski;III
55;Uniwersytet Sportu i Turystyki;I
56;Politechnika Informatyczno-Elektroniczna;V
57;Uniwersytet Krolewski;V
58;Uniwersytet Sportu i Turystyki;III
59;Politechnika Informatyczno-Elektroniczna;V
60;Uniwersytet Sportu i Turystyki;I
61;Politechnika Krolewska;I
62;Uniwersytet Sportu i Turystyki;II
63;Politechnika Krolewska;I
64;Politechnika Krolewska;II
65;Politechnika Informatyczno-Elektroniczna;V
66;Politechnika Informatyczno-Elektroniczna;II
67;Politechnika Informatyczno-Elektroniczna;I
68;Politechnika Krolewska;II
69;Uniwersytet Krolewski;I
70;Politechnika Informatyczno-Elektroniczna;I
71;Politechnika Informatyczno-Elektroniczna;I
72;Uniwersytet Krolewski;V
73;Uniwersytet Pedagogiczny;I
74;Politechnika Krolewska;I
75;Politechnika Informatyczno-Elektroniczna;II
76;Politechnika Krolewska;IV
77;Uniwersytet Pedagogiczny;I
78;Politechnika Informatyczno-Elektroniczna;V
79;Politechnika Informatyczno-Elektroniczna;III
80;Politechnika Informatyczno-Elektroniczna;I
81;Uniwersytet Sportu i Turystyki;V
82;Uniwersytet Krolewski;V
83;Uniwersytet Rolniczy;IV
84;Uniwersytet Sportu i Turystyki;I
85;Uniwersytet Krolewski;V
86;Uniwersytet Krolewski;I
87;Politechnika Krolewska;II
88;Uniwersytet Krolewski;I
89;Uniwersytet Krolewski;I
90;Akademia Sztuk Pieknych;I
91;Politechnika Krolewska;II
92;Politechnika Informatyczno-Elektroniczna;II
93;Uniwersytet Krolewski;I
94;Politechnika Krolewska;IV
95;Politechnika Informatyczno-Elektroniczna;I
96;Uniwersytet Krolewski;II
97;Uniwersytet Krolewski;I
98;Politechnika Informatyczno-Elektroniczna;II
99;Politechnika Informatyczno-Elektroniczna;I
100;Politechnika Informatyczno-Elektroniczna;I
101;Politechnika Informatyczno-Elektroniczna;I
102;Politechnika Informatyczno-Elektroniczna;II
103;Uniwersytet Krolewski;III
104;Uniwersytet Ekonomiczny;II
105;Politechnika Informatyczno-Elektroniczna;II
106;Uniwersytet Rolniczy;I
107;Uniwersytet Pedagogiczny;I
108;Politechnika Informatyczno-Elektroniczna;I
109;Politechnika Informatyczno-Elektroniczna;IV
110;Politechnika Informatyczno-Elektroniczna;I
111;Uniwersytet Ekonomiczny;I
112;Politechnika Krolewska;V
113;Politechnika Krolewska;I
114;Politechnika Krolewska;I
115;Politechnika Krolewska;IV
116;Politechnika Informatyczno-Elektroniczna;III
117;Politechnika Krolewska;II
118;Uniwersytet Rolniczy;I
119;Politechnika Informatyczno-Elektroniczna;I
120;Politechnika Informatyczno-Elektroniczna;I
121;Politechnika Informatyczno-Elektroniczna;II
122;Uniwersytet Krolewski;II
123;Politechnika Krolewska;I
124;Uniwersytet Krolewski;I
125;Politechnika Informatyczno-Elektroniczna;I
126;Politechnika Krolewska;I
127;Politechnika Krolewska;V
128;Politechnika Krolewska;III
129;Politechnika Krolewska;I
130;Uniwersytet Krolewski;I
131;Uniwersytet Krolewski;I
132;Politechnika Krolewska;I
133;Uniwersytet Krolewski;I
134;Politechnika Informatyczno-Elektroniczna;II
135;Uniwersytet Rolniczy;I
136;Politechnika Krolewska;II
137;Politechnika Informatyczno-Elektroniczna;I
138;Politechnika Informatyczno-Elektroniczna;I
139;Politechnika Informatyczno-Elektroniczna;IV
140;Politechnika Informatyczno-Elektroniczna;I
141;Politechnika Informatyczno-Elektroniczna;III
142;Politechnika Krolewska;V
143;Politechnika Informatyczno-Elektroniczna;IV
144;Uniwersytet Krolewski;II
145;Uniwersytet Krolewski;I
146;Politechnika Informatyczno-Elektroniczna;I
147;Uniwersytet Krolewski;I
148;Politechnika Informatyczno-Elektroniczna;I
149;Akademia Sztuk Pieknych;I
150;Politechnika Informatyczno-Elektroniczna;II
151;Politechnika Krolewska;I
152;Politechnika Krolewska;I
153;Politechnika Informatyczno-Elektroniczna;I
154;Uniwersytet Krolewski;V
155;Uniwersytet Ekonomiczny;II
156;Uniwersytet Krolewski;V
157;Politechnika Krolewska;I
158;Politechnika Informatyczno-Elektroniczna;V
159;Politechnika Informatyczno-Elektroniczna;I
160;Politechnika Informatyczno-Elektroniczna;I
161;Politechnika Informatyczno-Elektroniczna;I
162;Politechnika Informatyczno-Elektroniczna;I
163;Politechnika Krolewska;III
164;Uniwersytet Krolewski;I
165;Politechnika Krolewska;IV
166;Politechnika Informatyczno-Elektroniczna;I
167;Politechnika Informatyczno-Elektroniczna;I
168;Politechnika Informatyczno-Elektroniczna;V
169;Uniwersytet Rolniczy;I
170;Politechnika Krolewska;I
171;Uniwersytet Krolewski;I
172;Uniwersytet Pedagogiczny;I
173;Politechnika Krolewska;II
174;Politechnika Informatyczno-Elektroniczna;IV
175;Politechnika Informatyczno-Elektroniczna;I
176;Politechnika Krolewska;IV
177;Uniwersytet Krolewski;V
178;Uniwersytet Krolewski;I
179;Politechnika Informatyczno-Elektroniczna;I
180;Politechnika Informatyczno-Elektroniczna;II
181;Uniwersytet Krolewski;I
182;Uniwersytet Krolewski;V
183;Politechnika Krolewska;II
184;Politechnika Informatyczno-Elektroniczna;III
185;Uniwersytet Pedagogiczny;IV
186;Uniwersytet Krolewski;I
187;Akademia Sztuk Pieknych;III
188;Politechnika Informatyczno-Elektroniczna;I
189;Uniwersytet Rolniczy;III
190;Uniwersytet Krolewski;V
191;Uniwersytet Krolewski;II
192;Politechnika Krolewska;II
193;Uniwersytet Rolniczy;I
194;Politechnika Informatyczno-Elektroniczna;V
195;Uniwersytet Sportu i Turystyki;I
196;Politechnika Informatyczno-Elektroniczna;I
197;Politechnika Informatyczno-Elektroniczna;II
198;Uniwersytet Krolewski;I
199;Uniwersytet Krolewski;II
200;Politechnika Krolewska;III
201;Uniwersytet Krolewski;I
202;Uniwersytet Krolewski;V
203;Uniwersytet Ekonomiczny;V
204;Politechnika Krolewska;I
205;Politechnika Krolewska;II
206;Akademia Sztuk Pieknych;I
207;Politechnika Krolewska;I
208;Uniwersytet Sportu i Turystyki;I
209;Uniwersytet Rolniczy;II
210;Politechnika Informatyczno-Elektroniczna;V
211;Uniwersytet Sportu i Turystyki;III
212;Uniwersytet Krolewski;II
213;Politechnika Informatyczno-Elektroniczna;V
214;Uniwersytet Krolewski;I
215;Politechnika Informatyczno-Elektroniczna;IV
216;Politechnika Krolewska;II
217;Uniwersytet Krolewski;I
218;Uniwersytet Rolniczy;V
219;Uniwersytet Krolewski;II
220;Politechnika Informatyczno-Elektroniczna;IV
221;Uniwersytet Muzyczny;I
222;Uniwersytet Krolewski;V
223;Uniwersytet Krolewski;III
224;Uniwersytet Krolewski;I
225;Politechnika Krolewska;V
226;Uniwersytet Ekonomiczny;I
227;Uniwersytet Sportu i Turystyki;I
228;Politechnika Informatyczno-Elektroniczna;II
229;Uniwersytet Krolewski;I
230;Politechnika Informatyczno-Elektroniczna;II
231;Politechnika Informatyczno-Elektroniczna;I
232;Politechnika Informatyczno-Elektroniczna;III
233;Uniwersytet Krolewski;I
234;Politechnika Krolewska;II
235;Politechnika Krolewska;II
236;Uniwersytet Sportu i Turystyki;II
237;Uniwersytet Krolewski;II
238;Politechnika Krolewska;III
239;Politechnika Informatyczno-Elektroniczna;IV
240;Uniwersytet Krolewski;I
241;Akademia Sztuk Pieknych;I
242;Uniwersytet Krolewski;III
243;Politechnika Krolewska;I
244;Uniwersytet Krolewski;III
245;Politechnika Krolewska;I
246;Uniwersytet Krolewski;I
247;Uniwersytet Krolewski;I
248;Politechnika Krolewska;I
249;Uniwersytet Krolewski;III
250;Politechnika Informatyczno-Elektroniczna;I
251;Politechnika Krolewska;I
252;Uniwersytet Krolewski;I
253;Uniwersytet Ekonomiczny;I
254;Uniwersytet Krolewski;I
255;Politechnika Informatyczno-Elektroniczna;IV
256;Uniwersytet Krolewski;II
257;Uniwersytet Ekonomiczny;I
258;Politechnika Informatyczno-Elektroniczna;I
259;Uniwersytet Krolewski;II
260;Uniwersytet Krolewski;V
261;Wyzsza Szko쓰 Techniczna;III
262;Politechnika Informatyczno-Elektroniczna;I
263;Uniwersytet Krolewski;V
264;Uniwersytet Krolewski;II
265;Uniwersytet Krolewski;IV
266;Uniwersytet Ekonomiczny;I
267;Politechnika Krolewska;III
268;Politechnika Informatyczno-Elektroniczna;I
269;Uniwersytet Pedagogiczny;I
270;Politechnika Informatyczno-Elektroniczna;I
271;Politechnika Informatyczno-Elektroniczna;IV
272;Uniwersytet Rolniczy;II
273;Uniwersytet Krolewski;I
274;Politechnika Krolewska;I
275;Politechnika Informatyczno-Elektroniczna;I
276;Uniwersytet Pedagogiczny;V
277;Uniwersytet Krolewski;III
278;Politechnika Informatyczno-Elektroniczna;I
279;Politechnika Informatyczno-Elektroniczna;I
280;Uniwersytet Rolniczy;I
281;Uniwersytet Rolniczy;I
282;Politechnika Informatyczno-Elektroniczna;I
283;Politechnika Informatyczno-Elektroniczna;I
284;Politechnika Krolewska;I
285;Politechnika Krolewska;IV
286;Akademia Sztuk Pieknych;II
287;Uniwersytet Rolniczy;IV
288;Uniwersytet Krolewski;I
289;Uniwersytet Krolewski;I
290;Politechnika Krolewska;II
291;Politechnika Krolewska;I
292;Akademia Sztuk Pieknych;II
293;Uniwersytet Krolewski;III
294;Politechnika Informatyczno-Elektroniczna;II
295;Uniwersytet Ekonomiczny;I
296;Uniwersytet Rolniczy;V
297;Uniwersytet Krolewski;II
298;Politechnika Informatyczno-Elektroniczna;V
299;Politechnika Krolewska;I
300;Politechnika Krolewska;I
301;Politechnika Informatyczno-Elektroniczna;I
302;Politechnika Krolewska;I
303;Uniwersytet Krolewski;V
304;Politechnika Informatyczno-Elektroniczna;II
305;Politechnika Krolewska;I
306;Uniwersytet Krolewski;I
307;Uniwersytet Krolewski;I
308;Uniwersytet Krolewski;I
309;Uniwersytet Krolewski;II
310;Uniwersytet Krolewski;II
311;Uniwersytet Krolewski;I
312;Uniwersytet Pedagogiczny;I
313;Politechnika Informatyczno-Elektroniczna;I
314;Politechnika Krolewska;V
315;Uniwersytet Krolewski;I
316;Politechnika Informatyczno-Elektroniczna;III
317;Politechnika Krolewska;III
318;Politechnika Informatyczno-Elektroniczna;III
319;Politechnika Informatyczno-Elektroniczna;V
320;Politechnika Informatyczno-Elektroniczna;IV
321;Uniwersytet Krolewski;I
322;Uniwersytet Sportu i Turystyki;V
323;Politechnika Informatyczno-Elektroniczna;II
324;Uniwersytet Pedagogiczny;I
325;Politechnika Krolewska;I
326;Uniwersytet Krolewski;III
327;Politechnika Informatyczno-Elektroniczna;I
328;Politechnika Informatyczno-Elektroniczna;I
329;Uniwersytet Krolewski;I
330;Politechnika Informatyczno-Elektroniczna;I
331;Politechnika Krolewska;III
332;Politechnika Krolewska;I
333;Politechnika Informatyczno-Elektroniczna;I
334;Uniwersytet Sportu i Turystyki;I
335;Uniwersytet Krolewski;V
336;Uniwersytet Pedagogiczny;V
337;Politechnika Informatyczno-Elektroniczna;V
338;Uniwersytet Krolewski;I
339;Uniwersytet Krolewski;III
340;Uniwersytet Pedagogiczny;I
341;Uniwersytet Krolewski;I
342;Politechnika Krolewska;IV
343;Politechnika Krolewska;I
344;Politechnika Informatyczno-Elektroniczna;I
345;Politechnika Krolewska;I
346;Politechnika Krolewska;III
347;Uniwersytet Rolniczy;II
348;Politechnika Krolewska;I
349;Uniwersytet Rolniczy;II
350;Uniwersytet Ekonomiczny;III
351;Akademia Sztuk Pieknych;I
352;Politechnika Informatyczno-Elektroniczna;V
353;Politechnika Krolewska;I
354;Politechnika Informatyczno-Elektroniczna;I
355;Politechnika Informatyczno-Elektroniczna;II
356;Politechnika Informatyczno-Elektroniczna;I
357;Uniwersytet Krolewski;I
358;Uniwersytet Krolewski;I
359;Politechnika Informatyczno-Elektroniczna;III
360;Politechnika Informatyczno-Elektroniczna;I
361;Politechnika Informatyczno-Elektroniczna;I
362;Politechnika Informatyczno-Elektroniczna;I
363;Uniwersytet Rolniczy;V
364;Politechnika Informatyczno-Elektroniczna;I
365;Politechnika Krolewska;I
366;Politechnika Krolewska;I
367;Politechnika Informatyczno-Elektroniczna;I
368;Politechnika Informatyczno-Elektroniczna;II
369;Politechnika Informatyczno-Elektroniczna;V
370;Politechnika Informatyczno-Elektroniczna;III
371;Politechnika Informatyczno-Elektroniczna;IV
372;Uniwersytet Krolewski;I
373;Uniwersytet Krolewski;I
374;Politechnika Informatyczno-Elektroniczna;I
375;Uniwersytet Ekonomiczny;I
376;Politechnika Informatyczno-Elektroniczna;II
377;Politechnika Informatyczno-Elektroniczna;I
378;Uniwersytet Krolewski;I
379;Politechnika Krolewska;II
380;Uniwersytet Sportu i Turystyki;I
381;Politechnika Informatyczno-Elektroniczna;III
382;Politechnika Informatyczno-Elektroniczna;I
383;Uniwersytet Krolewski;V
384;Uniwersytet Sportu i Turystyki;I
385;Uniwersytet Krolewski;I
386;Politechnika Informatyczno-Elektroniczna;II
387;Uniwersytet Krolewski;I
388;Politechnika Informatyczno-Elektroniczna;III
389;Uniwersytet Krolewski;IV
390;Politechnika Informatyczno-Elektroniczna;I
391;Politechnika Informatyczno-Elektroniczna;I
392;Uniwersytet Krolewski;I
393;Politechnika Informatyczno-Elektroniczna;I
394;Politechnika Informatyczno-Elektroniczna;II
395;Politechnika Informatyczno-Elektroniczna;I
396;Politechnika Informatyczno-Elektroniczna;I
397;Politechnika Informatyczno-Elektroniczna;I
398;Politechnika Informatyczno-Elektroniczna;I
399;Politechnika Informatyczno-Elektroniczna;II
400;Politechnika Informatyczno-Elektroniczna;IV
401;Politechnika Krolewska;V
402;Politechnika Krolewska;I
403;Politechnika Krolewska;I
404;Politechnika Informatyczno-Elektroniczna;I
405;Uniwersytet Krolewski;II
406;Politechnika Informatyczno-Elektroniczna;I
407;Politechnika Informatyczno-Elektroniczna;II
408;Wyzsza Szko쓰 Techniczna;I
409;Wyzsza Szko쓰 Techniczna;I
410;Politechnika Krolewska;I
411;Uniwersytet Sportu i Turystyki;III
412;Politechnika Informatyczno-Elektroniczna;II
413;Politechnika Informatyczno-Elektroniczna;V
414;Politechnika Informatyczno-Elektroniczna;I
415;Uniwersytet Krolewski;III
416;Uniwersytet Krolewski;I
417;Politechnika Informatyczno-Elektroniczna;II
418;Politechnika Informatyczno-Elektroniczna;V
419;Politechnika Krolewska;I
420;Politechnika Informatyczno-Elektroniczna;I
421;Politechnika Informatyczno-Elektroniczna;II
422;Uniwersytet Sportu i Turystyki;IV
423;Uniwersytet Krolewski;I
424;Politechnika Informatyczno-Elektroniczna;I
425;Uniwersytet Krolewski;II
426;Politechnika Informatyczno-Elektroniczna;I
427;Politechnika Krolewska;I
428;Politechnika Informatyczno-Elektroniczna;V
429;Politechnika Informatyczno-Elektroniczna;I
430;Politechnika Informatyczno-Elektroniczna;II
431;Uniwersytet Rolniczy;I
432;Uniwersytet Krolewski;II
433;Politechnika Informatyczno-Elektroniczna;III
434;Politechnika Informatyczno-Elektroniczna;I
435;Uniwersytet Ekonomiczny;II
436;Politechnika Informatyczno-Elektroniczna;I
437;Politechnika Informatyczno-Elektroniczna;II
438;Politechnika Krolewska;V
439;Uniwersytet Krolewski;I
440;Politechnika Krolewska;I
441;Uniwersytet Krolewski;I
442;Politechnika Krolewska;IV
443;Politechnika Informatyczno-Elektroniczna;II
444;Politechnika Informatyczno-Elektroniczna;V
445;Politechnika Krolewska;I
446;Politechnika Krolewska;IV
447;Politechnika Informatyczno-Elektroniczna;II
448;Uniwersytet Ekonomiczny;I
449;Politechnika Informatyczno-Elektroniczna;I
450;Uniwersytet Muzyczny;I
451;Politechnika Krolewska;I
452;Politechnika Informatyczno-Elektroniczna;I
453;Politechnika Informatyczno-Elektroniczna;I
454;Politechnika Informatyczno-Elektroniczna;II
455;Uniwersytet Krolewski;II
456;Politechnika Informatyczno-Elektroniczna;I
457;Uniwersytet Ekonomiczny;III
458;Politechnika Informatyczno-Elektroniczna;IV
459;Uniwersytet Krolewski;II
460;Politechnika Informatyczno-Elektroniczna;IV
461;Uniwersytet Ekonomiczny;I
462;Uniwersytet Rolniczy;V
463;Uniwersytet Krolewski;I
464;Akademia Sztuk Pieknych;I
465;Politechnika Informatyczno-Elektroniczna;I
466;Politechnika Informatyczno-Elektroniczna;I
467;Politechnika Informatyczno-Elektroniczna;I
468;Uniwersytet Krolewski;IV
469;Politechnika Krolewska;II
470;Uniwersytet Krolewski;V
471;Uniwersytet Ekonomiczny;I
472;Uniwersytet Rolniczy;IV
473;Uniwersytet Pedagogiczny;III
474;Politechnika Informatyczno-Elektroniczna;II
475;Akademia Sztuk Pieknych;I
476;Politechnika Informatyczno-Elektroniczna;II
477;Akademia Sztuk Pieknych;I
478;Politechnika Krolewska;I
479;Uniwersytet Krolewski;V
480;Politechnika Krolewska;V
481;Uniwersytet Krolewski;III
482;Politechnika Informatyczno-Elektroniczna;I
483;Politechnika Krolewska;IV
484;Politechnika Informatyczno-Elektroniczna;I
485;Uniwersytet Pedagogiczny;I
486;Politechnika Krolewska;III
487;Politechnika Krolewska;I
488;Politechnika Informatyczno-Elektroniczna;I
489;Politechnika Informatyczno-Elektroniczna;IV
490;Politechnika Informatyczno-Elektroniczna;I
491;Politechnika Informatyczno-Elektroniczna;II
492;Uniwersytet Krolewski;V
493;Uniwersytet Krolewski;I
494;Politechnika Krolewska;I
495;Politechnika Informatyczno-Elektroniczna;II
496;Politechnika Informatyczno-Elektroniczna;II
497;Uniwersytet Krolewski;II
498;Politechnika Krolewska;I
499;Uniwersytet Krolewski;II
500;Uniwersytet Krolewski;II
501;Uniwersytet Pedagogiczny;I
502;Akademia Sztuk Pieknych;II
503;Uniwersytet Krolewski;II
504;Politechnika Informatyczno-Elektroniczna;V
505;Politechnika Krolewska;II
506;Politechnika Informatyczno-Elektroniczna;II
507;Politechnika Krolewska;II
508;Politechnika Krolewska;III
509;Politechnika Informatyczno-Elektroniczna;I
510;Politechnika Krolewska;I
511;Politechnika Informatyczno-Elektroniczna;III
512;Politechnika Krolewska;I
513;Uniwersytet Krolewski;V
514;Uniwersytet Krolewski;I
515;Politechnika Informatyczno-Elektroniczna;I
516;Uniwersytet Krolewski;II
517;Uniwersytet Ekonomiczny;I
518;Politechnika Informatyczno-Elektroniczna;IV
519;Politechnika Krolewska;V
520;Uniwersytet Krolewski;II
521;Politechnika Informatyczno-Elektroniczna;II
522;Politechnika Informatyczno-Elektroniczna;V
523;Uniwersytet Krolewski;I
524;Politechnika Informatyczno-Elektroniczna;I
525;Politechnika Informatyczno-Elektroniczna;II
526;Uniwersytet Krolewski;I
527;Politechnika Krolewska;I
528;Uniwersytet Krolewski;I
529;Uniwersytet Rolniczy;II
530;Uniwersytet Krolewski;I
531;Politechnika Krolewska;I
532;Politechnika Informatyczno-Elektroniczna;I
533;Politechnika Informatyczno-Elektroniczna;IV
534;Uniwersytet Krolewski;I
535;Politechnika Informatyczno-Elektroniczna;I
536;Politechnika Informatyczno-Elektroniczna;II
537;Uniwersytet Krolewski;I
538;Uniwersytet Krolewski;II
539;Politechnika Informatyczno-Elektroniczna;I
540;Politechnika Informatyczno-Elektroniczna;I
541;Uniwersytet Krolewski;III
542;Uniwersytet Sportu i Turystyki;I
543;Politechnika Informatyczno-Elektroniczna;I
544;Politechnika Krolewska;III
545;Politechnika Informatyczno-Elektroniczna;I
546;Uniwersytet Rolniczy;II
547;Politechnika Krolewska;I
548;Politechnika Krolewska;I
549;Uniwersytet Krolewski;III
550;Uniwersytet Krolewski;I
551;Politechnika Informatyczno-Elektroniczna;I
552;Politechnika Informatyczno-Elektroniczna;I
553;Uniwersytet Ekonomiczny;I
554;Politechnika Krolewska;I
555;Uniwersytet Rolniczy;IV
556;Uniwersytet Pedagogiczny;II
557;Uniwersytet Rolniczy;I
558;Politechnika Krolewska;V
559;Politechnika Informatyczno-Elektroniczna;I
560;Uniwersytet Krolewski;I
561;Politechnika Krolewska;I
562;Politechnika Krolewska;I
563;Politechnika Krolewska;II
564;Politechnika Informatyczno-Elektroniczna;III
565;Uniwersytet Krolewski;II
566;Politechnika Informatyczno-Elektroniczna;I
567;Akademia Sztuk Pieknych;I
568;Uniwersytet Krolewski;II
569;Uniwersytet Pedagogiczny;II
570;Politechnika Informatyczno-Elektroniczna;I
571;Uniwersytet Krolewski;III
572;Politechnika Krolewska;V
573;Uniwersytet Krolewski;II
574;Uniwersytet Krolewski;I
575;Uniwersytet Rolniczy;I
576;Uniwersytet Krolewski;V
577;Uniwersytet Krolewski;II
578;Politechnika Informatyczno-Elektroniczna;II
579;Uniwersytet Krolewski;I
580;Politechnika Krolewska;I
581;Akademia Sztuk Pieknych;V
582;Politechnika Informatyczno-Elektroniczna;IV
583;Uniwersytet Krolewski;V
584;Uniwersytet Pedagogiczny;I
585;Uniwersytet Krolewski;I
586;Politechnika Krolewska;III
587;Uniwersytet Krolewski;I
588;Uniwersytet Krolewski;II
589;Politechnika Krolewska;II
590;Uniwersytet Krolewski;III
591;Uniwersytet Rolniczy;I
592;Politechnika Krolewska;I
593;Akademia Sztuk Pieknych;I
594;Politechnika Informatyczno-Elektroniczna;III
595;Uniwersytet Krolewski;I
596;Politechnika Informatyczno-Elektroniczna;II
597;Uniwersytet Ekonomiczny;I
598;Uniwersytet Krolewski;I
599;Uniwersytet Krolewski;I
600;Politechnika Informatyczno-Elektroniczna;I
601;Politechnika Informatyczno-Elektroniczna;IV
602;Uniwersytet Sportu i Turystyki;I
603;Politechnika Informatyczno-Elektroniczna;I
604;Uniwersytet Ekonomiczny;I
605;Politechnika Informatyczno-Elektroniczna;I
606;Uniwersytet Krolewski;I
607;Uniwersytet Krolewski;II
608;Politechnika Krolewska;II
609;Politechnika Krolewska;I
610;Politechnika Krolewska;I
611;Uniwersytet Krolewski;I
612;Uniwersytet Krolewski;III
613;Uniwersytet Pedagogiczny;II
614;Politechnika Informatyczno-Elektroniczna;II
615;Uniwersytet Krolewski;III
616;Politechnika Informatyczno-Elektroniczna;IV
617;Politechnika Informatyczno-Elektroniczna;II
618;Politechnika Informatyczno-Elektroniczna;I
619;Akademia Sztuk Pieknych;III
620;Politechnika Krolewska;IV
621;Uniwersytet Ekonomiczny;II
622;Uniwersytet Rolniczy;I
623;Politechnika Informatyczno-Elektroniczna;II
624;Uniwersytet Krolewski;I
625;Politechnika Informatyczno-Elektroniczna;II
626;Uniwersytet Krolewski;I
627;Politechnika Krolewska;V
628;Uniwersytet Krolewski;II
629;Politechnika Informatyczno-Elektroniczna;I
630;Politechnika Informatyczno-Elektroniczna;IV
631;Politechnika Informatyczno-Elektroniczna;I
632;Akademia Sztuk Pieknych;I
633;Wyzsza Szko쓰 Techniczna;I
634;Uniwersytet Krolewski;III
635;Politechnika Krolewska;II
636;Politechnika Informatyczno-Elektroniczna;I
637;Politechnika Informatyczno-Elektroniczna;III
638;Uniwersytet Krolewski;I
639;Politechnika Krolewska;IV
640;Politechnika Informatyczno-Elektroniczna;II
641;Politechnika Informatyczno-Elektroniczna;II
642;Politechnika Informatyczno-Elektroniczna;I
643;Politechnika Krolewska;V
644;Politechnika Krolewska;I
645;Politechnika Informatyczno-Elektroniczna;II
646;Uniwersytet Rolniczy;II
647;Politechnika Krolewska;I
648;Politechnika Informatyczno-Elektroniczna;I
649;Uniwersytet Krolewski;V
650;Politechnika Krolewska;II
651;Uniwersytet Krolewski;V
652;Politechnika Informatyczno-Elektroniczna;I
653;Politechnika Informatyczno-Elektroniczna;II
654;Uniwersytet Krolewski;I
655;Politechnika Krolewska;I
656;Uniwersytet Sportu i Turystyki;V
657;Politechnika Informatyczno-Elektroniczna;I
658;Politechnika Informatyczno-Elektroniczna;I
659;Uniwersytet Krolewski;I
660;Politechnika Informatyczno-Elektroniczna;I
661;Uniwersytet Krolewski;I
662;Uniwersytet Krolewski;I
663;Uniwersytet Rolniczy;III
664;Uniwersytet Pedagogiczny;I
665;Uniwersytet Krolewski;III
666;Uniwersytet Krolewski;V
667;Uniwersytet Krolewski;V
668;Uniwersytet Krolewski;I
669;Uniwersytet Krolewski;I
670;Politechnika Informatyczno-Elektroniczna;I
671;Uniwersytet Krolewski;III
672;Politechnika Krolewska;I
673;Politechnika Informatyczno-Elektroniczna;I
674;Politechnika Informatyczno-Elektroniczna;II
675;Politechnika Krolewska;I
676;Politechnika Informatyczno-Elektroniczna;II
677;Politechnika Informatyczno-Elektroniczna;IV
678;Uniwersytet Krolewski;V
679;Uniwersytet Sportu i Turystyki;I
680;Uniwersytet Rolniczy;I
681;Uniwersytet Krolewski;I
682;Uniwersytet Krolewski;I
683;Politechnika Informatyczno-Elektroniczna;II
684;Uniwersytet Krolewski;I
685;Politechnika Krolewska;I
686;Politechnika Informatyczno-Elektroniczna;III
687;Uniwersytet Krolewski;I
688;Politechnika Informatyczno-Elektroniczna;I
689;Politechnika Informatyczno-Elektroniczna;V
690;Uniwersytet Pedagogiczny;II
691;Politechnika Informatyczno-Elektroniczna;I
692;Uniwersytet Rolniczy;I
693;Politechnika Krolewska;I
694;Uniwersytet Krolewski;I
695;Uniwersytet Krolewski;I
696;Politechnika Informatyczno-Elektroniczna;I
697;Politechnika Informatyczno-Elektroniczna;I
698;Uniwersytet Krolewski;IV
699;Politechnika Krolewska;I
700;Uniwersytet Krolewski;II
701;Politechnika Informatyczno-Elektroniczna;I
702;Uniwersytet Pedagogiczny;I
703;Politechnika Informatyczno-Elektroniczna;I
704;Politechnika Informatyczno-Elektroniczna;IV
705;Politechnika Krolewska;I
706;Akademia Sztuk Pieknych;II
707;Uniwersytet Krolewski;IV
708;Uniwersytet Krolewski;I
709;Wyzsza Szko쓰 Techniczna;V
710;Uniwersytet Krolewski;I
711;Politechnika Informatyczno-Elektroniczna;I
712;Politechnika Informatyczno-Elektroniczna;I
713;Uniwersytet Krolewski;I
714;Uniwersytet Krolewski;I
715;Uniwersytet Krolewski;I
716;Uniwersytet Krolewski;I
717;Uniwersytet Krolewski;III
718;Politechnika Informatyczno-Elektroniczna;I
719;Politechnika Informatyczno-Elektroniczna;I
720;Politechnika Krolewska;III
721;Politechnika Krolewska;II
722;Politechnika Informatyczno-Elektroniczna;I
723;Politechnika Informatyczno-Elektroniczna;I
724;Politechnika Krolewska;I
725;Politechnika Informatyczno-Elektroniczna;I
726;Politechnika Informatyczno-Elektroniczna;I
727;Uniwersytet Krolewski;V
728;Uniwersytet Krolewski;III
729;Politechnika Krolewska;II
730;Uniwersytet Krolewski;V
731;Uniwersytet Krolewski;II
732;Politechnika Informatyczno-Elektroniczna;II
733;Uniwersytet Krolewski;I
734;Politechnika Informatyczno-Elektroniczna;I
735;Politechnika Informatyczno-Elektroniczna;I
736;Politechnika Krolewska;IV
737;Uniwersytet Krolewski;I
738;Uniwersytet Rolniczy;II
739;Uniwersytet Krolewski;I
740;Uniwersytet Krolewski;II
741;Politechnika Informatyczno-Elektroniczna;I
742;Uniwersytet Ekonomiczny;I
743;Politechnika Krolewska;I
744;Uniwersytet Krolewski;III
745;Uniwersytet Krolewski;II
746;Politechnika Informatyczno-Elektroniczna;IV
747;Politechnika Krolewska;I
748;Politechnika Informatyczno-Elektroniczna;III
749;Uniwersytet Ekonomiczny;I
750;Politechnika Informatyczno-Elektroniczna;IV
751;Politechnika Informatyczno-Elektroniczna;I
752;Politechnika Informatyczno-Elektroniczna;III
753;Politechnika Krolewska;I
754;Uniwersytet Rolniczy;I
755;Akademia Sztuk Pieknych;V
756;Politechnika Informatyczno-Elektroniczna;V
757;Politechnika Krolewska;I
758;Uniwersytet Ekonomiczny;III
759;Uniwersytet Krolewski;IV
760;Politechnika Informatyczno-Elektroniczna;I
761;Uniwersytet Krolewski;I
762;Uniwersytet Krolewski;II
763;Uniwersytet Krolewski;V
764;Politechnika Informatyczno-Elektroniczna;I
765;Politechnika Informatyczno-Elektroniczna;V
766;Uniwersytet Krolewski;IV
767;Politechnika Informatyczno-Elektroniczna;I
768;Uniwersytet Krolewski;IV
769;Politechnika Informatyczno-Elektroniczna;III
770;Politechnika Informatyczno-Elektroniczna;II
771;Uniwersytet Krolewski;II
772;Uniwersytet Pedagogiczny;I
773;Politechnika Krolewska;IV
774;Politechnika Krolewska;I
775;Politechnika Informatyczno-Elektroniczna;I
776;Politechnika Krolewska;V
777;Politechnika Krolewska;II
778;Politechnika Informatyczno-Elektroniczna;II
779;Politechnika Informatyczno-Elektroniczna;I
780;Politechnika Krolewska;I
781;Politechnika Krolewska;I
782;Politechnika Krolewska;IV
783;Politechnika Informatyczno-Elektroniczna;V
784;Politechnika Informatyczno-Elektroniczna;I
785;Politechnika Krolewska;I
786;Politechnika Krolewska;V
787;Politechnika Informatyczno-Elektroniczna;I
788;Politechnika Informatyczno-Elektroniczna;IV
789;Uniwersytet Krolewski;IV
790;Politechnika Informatyczno-Elektroniczna;III
791;Politechnika Informatyczno-Elektroniczna;III
792;Uniwersytet Sportu i Turystyki;V
793;Uniwersytet Krolewski;I
794;Politechnika Informatyczno-Elektroniczna;I
795;Uniwersytet Rolniczy;III
796;Uniwersytet Krolewski;III
797;Uniwersytet Krolewski;IV
798;Politechnika Krolewska;I
799;Akademia Sztuk Pieknych;III
800;Politechnika Informatyczno-Elektroniczna;I
801;Politechnika Informatyczno-Elektroniczna;I
802;Uniwersytet Krolewski;V
803;Politechnika Krolewska;I
804;Uniwersytet Rolniczy;IV
805;Politechnika Informatyczno-Elektroniczna;I
806;Uniwersytet Krolewski;II
807;Uniwersytet Krolewski;III
808;Politechnika Krolewska;II
809;Politechnika Informatyczno-Elektroniczna;I
810;Politechnika Informatyczno-Elektroniczna;I
811;Uniwersytet Rolniczy;III
812;Uniwersytet Krolewski;II
813;Politechnika Informatyczno-Elektroniczna;I
814;Politechnika Krolewska;I
815;Politechnika Informatyczno-Elektroniczna;II
816;Politechnika Informatyczno-Elektroniczna;I
817;Politechnika Informatyczno-Elektroniczna;I
818;Uniwersytet Sportu i Turystyki;II
819;Politechnika Informatyczno-Elektroniczna;II
820;Politechnika Informatyczno-Elektroniczna;I
821;Uniwersytet Krolewski;III
822;Uniwersytet Krolewski;V
823;Wyzsza Szko쓰 Techniczna;I
824;Politechnika Informatyczno-Elektroniczna;I
825;Politechnika Informatyczno-Elektroniczna;V
826;Politechnika Krolewska;I
827;Uniwersytet Krolewski;I
828;Politechnika Krolewska;II
829;Uniwersytet Krolewski;I
830;Politechnika Krolewska;V
831;Politechnika Informatyczno-Elektroniczna;V
832;Akademia Sztuk Pieknych;IV
833;Politechnika Informatyczno-Elektroniczna;I
834;Uniwersytet Krolewski;I
835;Politechnika Informatyczno-Elektroniczna;I
836;Politechnika Informatyczno-Elektroniczna;IV
837;Politechnika Informatyczno-Elektroniczna;II
838;Politechnika Informatyczno-Elektroniczna;IV
839;Uniwersytet Ekonomiczny;V
840;Politechnika Informatyczno-Elektroniczna;II
841;Politechnika Informatyczno-Elektroniczna;IV
842;Akademia Sztuk Pieknych;I
843;Uniwersytet Krolewski;V
844;Uniwersytet Krolewski;I
845;Uniwersytet Krolewski;I
846;Uniwersytet Ekonomiczny;I
847;Uniwersytet Pedagogiczny;I
848;Uniwersytet Krolewski;II
849;Wyzsza Szko쓰 Techniczna;I
850;Uniwersytet Ekonomiczny;II
851;Politechnika Informatyczno-Elektroniczna;I
852;Politechnika Krolewska;I
853;Politechnika Krolewska;I
854;Politechnika Krolewska;IV
855;Politechnika Krolewska;I
856;Uniwersytet Krolewski;I
857;Politechnika Krolewska;I
858;Uniwersytet Krolewski;IV
859;Politechnika Informatyczno-Elektroniczna;I
860;Politechnika Informatyczno-Elektroniczna;II
861;Politechnika Informatyczno-Elektroniczna;V
862;Uniwersytet Ekonomiczny;I
863;Politechnika Informatyczno-Elektroniczna;V
864;Uniwersytet Krolewski;V
865;Uniwersytet Krolewski;III
866;Uniwersytet Krolewski;V
867;Politechnika Informatyczno-Elektroniczna;IV
868;Politechnika Informatyczno-Elektroniczna;I
869;Uniwersytet Pedagogiczny;I
870;Uniwersytet Rolniczy;I
871;Uniwersytet Krolewski;I
872;Politechnika Informatyczno-Elektroniczna;I
873;Uniwersytet Krolewski;I
874;Politechnika Informatyczno-Elektroniczna;I
875;Uniwersytet Krolewski;I
876;Uniwersytet Krolewski;I
877;Uniwersytet Krolewski;I
878;Uniwersytet Sportu i Turystyki;I
879;Politechnika Krolewska;I
880;Uniwersytet Krolewski;IV
881;Politechnika Informatyczno-Elektroniczna;IV
882;Uniwersytet Krolewski;II
883;Politechnika Informatyczno-Elektroniczna;IV
884;Politechnika Krolewska;V
885;Politechnika Informatyczno-Elektroniczna;V
886;Politechnika Informatyczno-Elektroniczna;II
887;Uniwersytet Rolniczy;II
888;Politechnika Informatyczno-Elektroniczna;II
889;Politechnika Informatyczno-Elektroniczna;I
890;Politechnika Informatyczno-Elektroniczna;I
891;Politechnika Informatyczno-Elektroniczna;I
892;Uniwersytet Krolewski;II
893;Politechnika Informatyczno-Elektroniczna;I
894;Politechnika Informatyczno-Elektroniczna;II
895;Politechnika Krolewska;III
896;Uniwersytet Krolewski;III
897;Politechnika Krolewska;I
898;Politechnika Krolewska;I
899;Akademia Sztuk Pieknych;III
900;Uniwersytet Krolewski;I
901;Uniwersytet Krolewski;IV
902;Politechnika Informatyczno-Elektroniczna;IV
903;Uniwersytet Krolewski;I
904;Politechnika Informatyczno-Elektroniczna;V
905;Politechnika Informatyczno-Elektroniczna;IV
906;Uniwersytet Krolewski;I
907;Uniwersytet Krolewski;I
908;Akademia Sztuk Pieknych;II
909;Politechnika Informatyczno-Elektroniczna;I
910;Politechnika Informatyczno-Elektroniczna;IV
911;Politechnika Informatyczno-Elektroniczna;I
912;Uniwersytet Krolewski;I
913;Politechnika Informatyczno-Elektroniczna;V
914;Uniwersytet Krolewski;III
915;Politechnika Informatyczno-Elektroniczna;II
916;Uniwersytet Krolewski;III
917;Uniwersytet Krolewski;V
918;Politechnika Informatyczno-Elektroniczna;V
919;Politechnika Krolewska;II
920;Akademia Sztuk Pieknych;I
921;Uniwersytet Krolewski;I
922;Politechnika Informatyczno-Elektroniczna;II
923;Politechnika Informatyczno-Elektroniczna;V
924;Politechnika Informatyczno-Elektroniczna;I
925;Politechnika Informatyczno-Elektroniczna;I
926;Uniwersytet Krolewski;IV
927;Uniwersytet Muzyczny;I
928;Politechnika Krolewska;II
929;Politechnika Informatyczno-Elektroniczna;I
930;Akademia Sztuk Pieknych;I
931;Uniwersytet Pedagogiczny;II
932;Uniwersytet Rolniczy;I
933;Politechnika Krolewska;I
934;Politechnika Informatyczno-Elektroniczna;I
935;Politechnika Informatyczno-Elektroniczna;I
936;Uniwersytet Rolniczy;III
937;Uniwersytet Krolewski;II
938;Uniwersytet Krolewski;III
939;Politechnika Krolewska;II
940;Politechnika Krolewska;I
941;Politechnika Informatyczno-Elektroniczna;II
942;Politechnika Krolewska;V
943;Uniwersytet Sportu i Turystyki;III
944;Uniwersytet Krolewski;I
945;Uniwersytet Krolewski;I
946;Politechnika Informatyczno-Elektroniczna;I
947;Uniwersytet Pedagogiczny;I
948;Uniwersytet Krolewski;III
949;Uniwersytet Pedagogiczny;II
950;Politechnika Krolewska;IV
951;Politechnika Informatyczno-Elektroniczna;III
952;Politechnika Informatyczno-Elektroniczna;I
953;Politechnika Informatyczno-Elektroniczna;II
954;Politechnika Informatyczno-Elektroniczna;I
955;Politechnika Informatyczno-Elektroniczna;I
956;Politechnika Krolewska;IV
957;Uniwersytet Ekonomiczny;I
958;Uniwersytet Rolniczy;I
959;Politechnika Krolewska;I
960;Politechnika Informatyczno-Elektroniczna;III
961;Politechnika Krolewska;V
962;Politechnika Informatyczno-Elektroniczna;IV
963;Uniwersytet Krolewski;II
964;Politechnika Krolewska;I
965;Politechnika Krolewska;I
966;Politechnika Krolewska;III
967;Uniwersytet Krolewski;III
968;Politechnika Krolewska;II
969;Politechnika Informatyczno-Elektroniczna;II
970;Uniwersytet Krolewski;I
971;Politechnika Informatyczno-Elektroniczna;I
972;Politechnika Informatyczno-Elektroniczna;I
973;Politechnika Krolewska;II
974;Uniwersytet Ekonomiczny;V
975;Politechnika Informatyczno-Elektroniczna;V
976;Uniwersytet Krolewski;I
977;Uniwersytet Krolewski;I
978;Politechnika Informatyczno-Elektroniczna;V
979;Uniwersytet Krolewski;I
980;Politechnika Informatyczno-Elektroniczna;I
981;Politechnika Krolewska;III
982;Uniwersytet Krolewski;I
983;Uniwersytet Muzyczny;II
984;Politechnika Krolewska;I
985;Uniwersytet Krolewski;I
986;Politechnika Informatyczno-Elektroniczna;I
987;Politechnika Krolewska;I
988;Politechnika Krolewska;II
989;Uniwersytet Krolewski;II
990;Uniwersytet Krolewski;II
991;Politechnika Informatyczno-Elektroniczna;II
992;Politechnika Informatyczno-Elektroniczna;IV
993;Uniwersytet Pedagogiczny;I
994;Uniwersytet Krolewski;II
995;Politechnika Informatyczno-Elektroniczna;I
996;Uniwersytet Rolniczy;II
997;Uniwersytet Krolewski;I
998;Uniwersytet Muzyczny;I
999;Politechnika Krolewska;I
1000;Politechnika Krolewska;IV
1001;Akademia Sztuk Pieknych;I
1002;Politechnika Informatyczno-Elektroniczna;II
1003;Uniwersytet Krolewski;IV
1004;Politechnika Krolewska;I
1005;Politechnika Krolewska;I
1006;Politechnika Krolewska;I
1007;Politechnika Informatyczno-Elektroniczna;V
1008;Politechnika Krolewska;I
1009;Politechnika Informatyczno-Elektroniczna;II
1010;Uniwersytet Krolewski;I
1011;Uniwersytet Krolewski;III
1012;Politechnika Informatyczno-Elektroniczna;I
1013;Uniwersytet Pedagogiczny;V
1014;Politechnika Informatyczno-Elektroniczna;II
1015;Uniwersytet Krolewski;II
1016;Politechnika Krolewska;II
1017;Politechnika Krolewska;I
1018;Uniwersytet Krolewski;IV
1019;Politechnika Krolewska;III
1020;Uniwersytet Pedagogiczny;V
1021;Politechnika Informatyczno-Elektroniczna;I
1022;Uniwersytet Krolewski;I
1023;Politechnika Informatyczno-Elektroniczna;III
1024;Politechnika Krolewska;IV
1025;Uniwersytet Ekonomiczny;II
1026;Politechnika Informatyczno-Elektroniczna;II
1027;Politechnika Informatyczno-Elektroniczna;I
1028;Politechnika Informatyczno-Elektroniczna;II
1029;Politechnika Informatyczno-Elektroniczna;I
1030;Politechnika Krolewska;I
1031;Politechnika Informatyczno-Elektroniczna;IV
1032;Politechnika Krolewska;I
1033;Politechnika Krolewska;II
1034;Politechnika Informatyczno-Elektroniczna;I
1035;Uniwersytet Krolewski;IV
1036;Politechnika Informatyczno-Elektroniczna;II
1037;Akademia Sztuk Pieknych;II
1038;Politechnika Informatyczno-Elektroniczna;I
1039;Uniwersytet Krolewski;I
1040;Politechnika Informatyczno-Elektroniczna;IV
1041;Uniwersytet Krolewski;IV
1042;Politechnika Informatyczno-Elektroniczna;III
1043;Politechnika Informatyczno-Elektroniczna;II
1044;Politechnika Krolewska;I
1045;Politechnika Informatyczno-Elektroniczna;V
1046;Politechnika Informatyczno-Elektroniczna;III
1047;Wyzsza Szko쓰 Techniczna;V
1048;Uniwersytet Sportu i Turystyki;I
1049;Uniwersytet Krolewski;I
1050;Uniwersytet Krolewski;II
1051;Politechnika Informatyczno-Elektroniczna;V
1052;Politechnika Informatyczno-Elektroniczna;I
1053;Politechnika Informatyczno-Elektroniczna;I
1054;Uniwersytet Sportu i Turystyki;I
1055;Politechnika Krolewska;I
1056;Politechnika Informatyczno-Elektroniczna;II
1057;Politechnika Informatyczno-Elektroniczna;V
1058;Uniwersytet Krolewski;I
1059;Uniwersytet Krolewski;I
1060;Politechnika Informatyczno-Elektroniczna;III
1061;Politechnika Informatyczno-Elektroniczna;I
1062;Politechnika Informatyczno-Elektroniczna;I
1063;Uniwersytet Krolewski;I
1064;Politechnika Informatyczno-Elektroniczna;IV
1065;Politechnika Informatyczno-Elektroniczna;II
1066;Uniwersytet Krolewski;I
1067;Politechnika Krolewska;II
1068;Uniwersytet Rolniczy;I
1069;Uniwersytet Krolewski;IV
1070;Politechnika Informatyczno-Elektroniczna;V
1071;Politechnika Informatyczno-Elektroniczna;I
1072;Politechnika Informatyczno-Elektroniczna;I
1073;Akademia Sztuk Pieknych;I
1074;Politechnika Krolewska;I
1075;Uniwersytet Krolewski;III
1076;Politechnika Informatyczno-Elektroniczna;II
1077;Politechnika Informatyczno-Elektroniczna;III
1078;Politechnika Informatyczno-Elektroniczna;I
1079;Uniwersytet Krolewski;II
1080;Politechnika Informatyczno-Elektroniczna;I
1081;Politechnika Informatyczno-Elektroniczna;I
1082;Uniwersytet Krolewski;IV
1083;Politechnika Informatyczno-Elektroniczna;I
1084;Politechnika Informatyczno-Elektroniczna;I
1085;Politechnika Informatyczno-Elektroniczna;I
1086;Politechnika Informatyczno-Elektroniczna;II
1087;Uniwersytet Sportu i Turystyki;III
1088;Politechnika Krolewska;I
1089;Politechnika Krolewska;I
1090;Politechnika Informatyczno-Elektroniczna;I
1091;Akademia Sztuk Pieknych;I
1092;Uniwersytet Rolniczy;I
1093;Uniwersytet Pedagogiczny;I
1094;Politechnika Informatyczno-Elektroniczna;V
1095;Politechnika Krolewska;III
1096;Politechnika Krolewska;I
1097;Uniwersytet Krolewski;IV
1098;Uniwersytet Krolewski;I
1099;Politechnika Krolewska;I
1100;Uniwersytet Sportu i Turystyki;I
1101;Uniwersytet Krolewski;I
1102;Uniwersytet Sportu i Turystyki;III
1103;Politechnika Informatyczno-Elektroniczna;I
1104;Politechnika Informatyczno-Elektroniczna;I
1105;Politechnika Krolewska;I
1106;Uniwersytet Krolewski;I
1107;Uniwersytet Ekonomiczny;I
1108;Politechnika Informatyczno-Elektroniczna;III
1109;Akademia Sztuk Pieknych;V
1110;Uniwersytet Krolewski;I
1111;Politechnika Krolewska;IV
1112;Politechnika Krolewska;I
1113;Politechnika Krolewska;I
1114;Uniwersytet Krolewski;I
1115;Uniwersytet Krolewski;I
1116;Politechnika Informatyczno-Elektroniczna;V
1117;Uniwersytet Krolewski;V
1118;Politechnika Informatyczno-Elektroniczna;II
1119;Politechnika Informatyczno-Elektroniczna;I
1120;Politechnika Informatyczno-Elektroniczna;II
1121;Politechnika Informatyczno-Elektroniczna;I
1122;Uniwersytet Krolewski;I
1123;Uniwersytet Krolewski;I
1124;Uniwersytet Krolewski;V
1125;Uniwersytet Rolniczy;I
1126;Politechnika Krolewska;II
1127;Politechnika Krolewska;I
1128;Politechnika Informatyczno-Elektroniczna;I
1129;Politechnika Krolewska;I
1130;Uniwersytet Ekonomiczny;I
1131;Uniwersytet Pedagogiczny;IV
1132;Politechnika Krolewska;I
1133;Uniwersytet Krolewski;I
1134;Politechnika Krolewska;I
1135;Politechnika Informatyczno-Elektroniczna;III
1136;Uniwersytet Pedagogiczny;II
1137;Politechnika Informatyczno-Elektroniczna;I
1138;Politechnika Informatyczno-Elektroniczna;V
1139;Politechnika Informatyczno-Elektroniczna;I
1140;Politechnika Informatyczno-Elektroniczna;II
1141;Uniwersytet Krolewski;I
1142;Politechnika Informatyczno-Elektroniczna;I
1143;Uniwersytet Krolewski;I
1144;Uniwersytet Krolewski;I
1145;Politechnika Krolewska;II
1146;Politechnika Informatyczno-Elektroniczna;I
1147;Politechnika Informatyczno-Elektroniczna;I
1148;Politechnika Krolewska;I
1149;Politechnika Informatyczno-Elektroniczna;I
1150;Uniwersytet Ekonomiczny;I
1151;Uniwersytet Krolewski;II
1152;Politechnika Krolewska;II
1153;Uniwersytet Krolewski;I
1154;Uniwersytet Krolewski;I
1155;Politechnika Informatyczno-Elektroniczna;I
1156;Uniwersytet Rolniczy;II
1157;Uniwersytet Krolewski;V
1158;Uniwersytet Krolewski;II
1159;Politechnika Informatyczno-Elektroniczna;II
1160;Uniwersytet Krolewski;I
1161;Politechnika Informatyczno-Elektroniczna;V
1162;Uniwersytet Krolewski;I
1163;Uniwersytet Krolewski;I
1164;Uniwersytet Krolewski;II
1165;Akademia Sztuk Pieknych;I
1166;Politechnika Informatyczno-Elektroniczna;I
1167;Uniwersytet Krolewski;II
1168;Uniwersytet Krolewski;V
1169;Politechnika Informatyczno-Elektroniczna;I
1170;Uniwersytet Krolewski;I
1171;Uniwersytet Krolewski;II
1172;Politechnika Krolewska;I
1173;Uniwersytet Rolniczy;II
1174;Uniwersytet Krolewski;III
1175;Uniwersytet Pedagogiczny;II
1176;Uniwersytet Krolewski;V
1177;Politechnika Informatyczno-Elektroniczna;III
1178;Politechnika Krolewska;II
1179;Akademia Sztuk Pieknych;I
1180;Uniwersytet Sportu i Turystyki;I
1181;Politechnika Informatyczno-Elektroniczna;I
1182;Uniwersytet Krolewski;I
1183;Politechnika Informatyczno-Elektroniczna;I
1184;Politechnika Informatyczno-Elektroniczna;I
1185;Uniwersytet Pedagogiczny;I
1186;Politechnika Krolewska;IV
1187;Politechnika Informatyczno-Elektroniczna;IV
1188;Politechnika Krolewska;II
1189;Politechnika Informatyczno-Elektroniczna;III
1190;Politechnika Krolewska;II
1191;Uniwersytet Sportu i Turystyki;I
1192;Uniwersytet Krolewski;V
1193;Uniwersytet Krolewski;III
1194;Akademia Sztuk Pieknych;II
1195;Politechnika Informatyczno-Elektroniczna;I
1196;Uniwersytet Krolewski;V
1197;Uniwersytet Krolewski;III
1198;Politechnika Krolewska;V
1199;Politechnika Informatyczno-Elektroniczna;I
1200;Uniwersytet Krolewski;I
1201;Uniwersytet Krolewski;II
1202;Politechnika Krolewska;I
1203;Uniwersytet Krolewski;III
1204;Politechnika Krolewska;IV
1205;Politechnika Informatyczno-Elektroniczna;I
1206;Politechnika Krolewska;I
1207;Politechnika Krolewska;I
1208;Politechnika Informatyczno-Elektroniczna;I
1209;Uniwersytet Krolewski;V
1210;Uniwersytet Krolewski;IV
1211;Uniwersytet Rolniczy;III
1212;Uniwersytet Krolewski;I
1213;Politechnika Informatyczno-Elektroniczna;I
1214;Akademia Sztuk Pieknych;II
1215;Uniwersytet Krolewski;I
1216;Politechnika Informatyczno-Elektroniczna;I
1217;Politechnika Informatyczno-Elektroniczna;II
1218;Politechnika Informatyczno-Elektroniczna;I
1219;Uniwersytet Pedagogiczny;III
1220;Uniwersytet Krolewski;I
1221;Uniwersytet Krolewski;I
1222;Politechnika Informatyczno-Elektroniczna;II
1223;Politechnika Informatyczno-Elektroniczna;I
1224;Wyzsza Szko쓰 Techniczna;V
1225;Uniwersytet Ekonomiczny;V
1226;Politechnika Krolewska;IV
1227;Politechnika Informatyczno-Elektroniczna;I
1228;Politechnika Informatyczno-Elektroniczna;I
1229;Politechnika Krolewska;I
1230;Politechnika Informatyczno-Elektroniczna;III
1231;Uniwersytet Krolewski;II
1232;Politechnika Informatyczno-Elektroniczna;I
1233;Uniwersytet Ekonomiczny;IV
1234;Politechnika Krolewska;I
1235;Politechnika Krolewska;II
1236;Politechnika Krolewska;I
1237;Politechnika Informatyczno-Elektroniczna;II
1238;Uniwersytet Krolewski;V
1239;Uniwersytet Krolewski;I
1240;Uniwersytet Krolewski;I
1241;Uniwersytet Rolniczy;I
1242;Uniwersytet Krolewski;I
1243;Uniwersytet Krolewski;IV
1244;Uniwersytet Rolniczy;III
1245;Politechnika Krolewska;II
1246;Uniwersytet Krolewski;IV
1247;Politechnika Informatyczno-Elektroniczna;I
1248;Politechnika Informatyczno-Elektroniczna;III
1249;Politechnika Krolewska;I
1250;Politechnika Krolewska;V
1251;Politechnika Krolewska;III
1252;Uniwersytet Krolewski;II
1253;Uniwersytet Sportu i Turystyki;I
1254;Politechnika Krolewska;II
1255;Politechnika Informatyczno-Elektroniczna;I
1256;Uniwersytet Krolewski;III
1257;Politechnika Informatyczno-Elektroniczna;I
1258;Politechnika Informatyczno-Elektroniczna;I
1259;Uniwersytet Rolniczy;I
1260;Politechnika Informatyczno-Elektroniczna;I
1261;Uniwersytet Krolewski;III
1262;Politechnika Krolewska;I
1263;Uniwersytet Krolewski;I
1264;Politechnika Informatyczno-Elektroniczna;I
1265;Politechnika Informatyczno-Elektroniczna;III
1266;Politechnika Krolewska;I
1267;Politechnika Krolewska;II
1268;Politechnika Krolewska;III
1269;Politechnika Informatyczno-Elektroniczna;I
1270;Politechnika Informatyczno-Elektroniczna;IV
1271;Wyzsza Szko쓰 Techniczna;II
1272;Politechnika Informatyczno-Elektroniczna;I
1273;Politechnika Krolewska;IV
1274;Akademia Sztuk Pieknych;I
1275;Politechnika Krolewska;IV
1276;Politechnika Informatyczno-Elektroniczna;II
1277;Uniwersytet Krolewski;I
1278;Politechnika Informatyczno-Elektroniczna;I
1279;Politechnika Krolewska;I
1280;Politechnika Informatyczno-Elektroniczna;IV
1281;Uniwersytet Krolewski;V
1282;Politechnika Informatyczno-Elektroniczna;I
1283;Uniwersytet Krolewski;II
1284;Politechnika Krolewska;I
1285;Politechnika Informatyczno-Elektroniczna;I
1286;Uniwersytet Rolniczy;I
1287;Uniwersytet Krolewski;V
1288;Politechnika Informatyczno-Elektroniczna;V
1289;Uniwersytet Krolewski;I
1290;Uniwersytet Krolewski;II
1291;Uniwersytet Krolewski;II
1292;Uniwersytet Krolewski;I
1293;Wyzsza Szko쓰 Techniczna;V
1294;Uniwersytet Rolniczy;V
1295;Politechnika Krolewska;I
1296;Politechnika Krolewska;I
1297;Uniwersytet Krolewski;I
1298;Akademia Sztuk Pieknych;I
1299;Uniwersytet Krolewski;I
1300;Uniwersytet Rolniczy;I
1301;Politechnika Informatyczno-Elektroniczna;IV
1302;Politechnika Informatyczno-Elektroniczna;II
1303;Uniwersytet Krolewski;I
1304;Politechnika Informatyczno-Elektroniczna;I
1305;Politechnika Informatyczno-Elektroniczna;I
1306;Uniwersytet Krolewski;II
1307;Politechnika Informatyczno-Elektroniczna;IV
1308;Politechnika Informatyczno-Elektroniczna;I
1309;Uniwersytet Krolewski;V
1310;Uniwersytet Ekonomiczny;I
1311;Politechnika Krolewska;II
1312;Uniwersytet Krolewski;I
1313;Uniwersytet Krolewski;I
1314;Politechnika Informatyczno-Elektroniczna;III
1315;Politechnika Informatyczno-Elektroniczna;V
1316;Politechnika Informatyczno-Elektroniczna;I
1317;Politechnika Krolewska;I
1318;Uniwersytet Krolewski;III
1319;Politechnika Informatyczno-Elektroniczna;I
1320;Politechnika Informatyczno-Elektroniczna;I
1321;Uniwersytet Krolewski;I
1322;Uniwersytet Krolewski;IV
1323;Uniwersytet Krolewski;IV
1324;Uniwersytet Krolewski;I
1325;Uniwersytet Krolewski;I
1326;Uniwersytet Krolewski;I
1327;Uniwersytet Pedagogiczny;II
1328;Politechnika Krolewska;V
1329;Uniwersytet Sportu i Turystyki;I
1330;Uniwersytet Krolewski;I
1331;Uniwersytet Krolewski;I
1332;Uniwersytet Krolewski;I
1333;Uniwersytet Krolewski;I
1334;Politechnika Krolewska;I
1335;Politechnika Informatyczno-Elektroniczna;I
1336;Wyzsza Szko쓰 Techniczna;V
1337;Politechnika Krolewska;I
1338;Politechnika Informatyczno-Elektroniczna;II
1339;Uniwersytet Krolewski;I
1340;Politechnika Informatyczno-Elektroniczna;I
1341;Uniwersytet Pedagogiczny;V
1342;Politechnika Krolewska;I
1343;Uniwersytet Sportu i Turystyki;V
1344;Politechnika Informatyczno-Elektroniczna;II
1345;Uniwersytet Krolewski;II
1346;Uniwersytet Krolewski;I
1347;Politechnika Informatyczno-Elektroniczna;I
1348;Uniwersytet Krolewski;I
1349;Uniwersytet Pedagogiczny;I
1350;Politechnika Krolewska;I
1351;Politechnika Krolewska;I
1352;Politechnika Informatyczno-Elektroniczna;I
1353;Uniwersytet Krolewski;I
1354;Uniwersytet Krolewski;I
1355;Politechnika Informatyczno-Elektroniczna;I
1356;Uniwersytet Krolewski;II
1357;Uniwersytet Ekonomiczny;I
1358;Politechnika Informatyczno-Elektroniczna;I
1359;Uniwersytet Krolewski;II
1360;Uniwersytet Ekonomiczny;V
1361;Politechnika Krolewska;I
1362;Akademia Sztuk Pieknych;I
1363;Uniwersytet Krolewski;V
1364;Politechnika Krolewska;I
1365;Politechnika Informatyczno-Elektroniczna;IV
1366;Politechnika Krolewska;I
1367;Uniwersytet Pedagogiczny;I
1368;Politechnika Informatyczno-Elektroniczna;III
1369;Politechnika Informatyczno-Elektroniczna;I
1370;Uniwersytet Sportu i Turystyki;I
1371;Politechnika Informatyczno-Elektroniczna;III
1372;Politechnika Informatyczno-Elektroniczna;II
1373;Politechnika Informatyczno-Elektroniczna;I
1374;Politechnika Informatyczno-Elektroniczna;II
1375;Politechnika Krolewska;II
1376;Akademia Sztuk Pieknych;I
1377;Uniwersytet Ekonomiczny;I
1378;Uniwersytet Krolewski;V
1379;Uniwersytet Ekonomiczny;V
1380;Uniwersytet Muzyczny;II
1381;Politechnika Informatyczno-Elektroniczna;III
1382;Politechnika Krolewska;IV
1383;Politechnika Informatyczno-Elektroniczna;I
1384;Uniwersytet Krolewski;V
1385;Uniwersytet Rolniczy;V
1386;Uniwersytet Krolewski;I
1387;Politechnika Krolewska;I
1388;Akademia Sztuk Pieknych;I
1389;Uniwersytet Krolewski;I
1390;Uniwersytet Krolewski;III
1391;Politechnika Krolewska;I
1392;Uniwersytet Krolewski;V
1393;Uniwersytet Krolewski;III
1394;Uniwersytet Krolewski;I
1395;Uniwersytet Pedagogiczny;II
1396;Akademia Sztuk Pieknych;III
1397;Uniwersytet Krolewski;I
1398;Uniwersytet Rolniczy;I
1399;Politechnika Krolewska;III
1400;Wyzsza Szko쓰 Techniczna;I
1401;Politechnika Informatyczno-Elektroniczna;I
1402;Uniwersytet Krolewski;III
1403;Politechnika Informatyczno-Elektroniczna;I
1404;Politechnika Informatyczno-Elektroniczna;II
1405;Uniwersytet Sportu i Turystyki;II
1406;Politechnika Informatyczno-Elektroniczna;V
1407;Politechnika Informatyczno-Elektroniczna;I
1408;Politechnika Informatyczno-Elektroniczna;III
1409;Politechnika Krolewska;I
1410;Politechnika Informatyczno-Elektroniczna;I
1411;Uniwersytet Pedagogiczny;I
1412;Uniwersytet Krolewski;I
1413;Politechnika Informatyczno-Elektroniczna;I
1414;Politechnika Krolewska;I
1415;Uniwersytet Krolewski;III
1416;Politechnika Informatyczno-Elektroniczna;IV
1417;Politechnika Informatyczno-Elektroniczna;I
1418;Politechnika Informatyczno-Elektroniczna;I
1419;Politechnika Krolewska;II
1420;Politechnika Informatyczno-Elektroniczna;I
1421;Uniwersytet Krolewski;I
1422;Uniwersytet Krolewski;I
1423;Politechnika Krolewska;II
1424;Uniwersytet Krolewski;III
1425;Politechnika Informatyczno-Elektroniczna;I
1426;Uniwersytet Krolewski;I
1427;Uniwersytet Krolewski;I
1428;Uniwersytet Ekonomiczny;I
1429;Uniwersytet Krolewski;V
1430;Uniwersytet Krolewski;I
1431;Politechnika Informatyczno-Elektroniczna;I
1432;Politechnika Krolewska;I
1433;Politechnika Informatyczno-Elektroniczna;IV
1434;Uniwersytet Pedagogiczny;I
1435;Uniwersytet Krolewski;III
1436;Politechnika Informatyczno-Elektroniczna;I
1437;Politechnika Informatyczno-Elektroniczna;IV
1438;Uniwersytet Krolewski;I
1439;Uniwersytet Krolewski;I
1440;Politechnika Informatyczno-Elektroniczna;I
1441;Uniwersytet Krolewski;I
1442;Politechnika Krolewska;IV
1443;Politechnika Informatyczno-Elektroniczna;I
1444;Uniwersytet Ekonomiczny;IV
1445;Uniwersytet Krolewski;V
1446;Uniwersytet Krolewski;IV
1447;Politechnika Informatyczno-Elektroniczna;V
1448;Politechnika Krolewska;I
1449;Politechnika Informatyczno-Elektroniczna;I
1450;Akademia Sztuk Pieknych;I
1451;Uniwersytet Pedagogiczny;I
1452;Uniwersytet Krolewski;II
1453;Uniwersytet Krolewski;V
1454;Uniwersytet Krolewski;III
1455;Politechnika Informatyczno-Elektroniczna;I
1456;Uniwersytet Krolewski;II
1457;Akademia Sztuk Pieknych;I
1458;Akademia Sztuk Pieknych;IV
1459;Uniwersytet Ekonomiczny;V
1460;Uniwersytet Rolniczy;II
1461;Politechnika Informatyczno-Elektroniczna;IV
1462;Politechnika Krolewska;I
1463;Uniwersytet Krolewski;I
1464;Politechnika Krolewska;I
1465;Politechnika Informatyczno-Elektroniczna;I
1466;Akademia Sztuk Pieknych;I
1467;Politechnika Krolewska;I
1468;Politechnika Informatyczno-Elektroniczna;III
1469;Uniwersytet Krolewski;I
1470;Politechnika Informatyczno-Elektroniczna;I
1471;Uniwersytet Ekonomiczny;I
1472;Politechnika Krolewska;II
1473;Politechnika Informatyczno-Elektroniczna;I
1474;Politechnika Informatyczno-Elektroniczna;I
1475;Uniwersytet Ekonomiczny;II
1476;Uniwersytet Krolewski;I
1477;Uniwersytet Krolewski;IV
1478;Uniwersytet Krolewski;III
1479;Politechnika Informatyczno-Elektroniczna;IV
1480;Politechnika Informatyczno-Elektroniczna;I
1481;Politechnika Krolewska;IV
1482;Uniwersytet Ekonomiczny;I
1483;Uniwersytet Rolniczy;I
1484;Uniwersytet Krolewski;I
1485;Politechnika Informatyczno-Elektroniczna;I
1486;Politechnika Informatyczno-Elektroniczna;II
1487;Uniwersytet Krolewski;I
1488;Uniwersytet Pedagogiczny;I
1489;Politechnika Informatyczno-Elektroniczna;II
1490;Politechnika Informatyczno-Elektroniczna;I
1491;Politechnika Informatyczno-Elektroniczna;II
1492;Uniwersytet Krolewski;I
1493;Wyzsza Szko쓰 Techniczna;I
1494;Politechnika Informatyczno-Elektroniczna;V
1495;Uniwersytet Rolniczy;II
1496;Politechnika Informatyczno-Elektroniczna;I
1497;Politechnika Krolewska;II
1498;Politechnika Informatyczno-Elektroniczna;I
1499;Politechnika Informatyczno-Elektroniczna;I
1500;Politechnika Informatyczno-Elektroniczna;I
1501;Politechnika Informatyczno-Elektroniczna;I
1502;Uniwersytet Krolewski;I
1503;Politechnika Informatyczno-Elektroniczna;I
1504;Uniwersytet Krolewski;III
1505;Politechnika Informatyczno-Elektroniczna;IV
1506;Politechnika Informatyczno-Elektroniczna;III
1507;Uniwersytet Krolewski;I
1508;Politechnika Informatyczno-Elektroniczna;V
1509;Politechnika Krolewska;I
1510;Politechnika Informatyczno-Elektroniczna;II
1511;Uniwersytet Ekonomiczny;II
1512;Uniwersytet Pedagogiczny;III
1513;Politechnika Informatyczno-Elektroniczna;III
1514;Uniwersytet Krolewski;I
1515;Politechnika Informatyczno-Elektroniczna;III
1516;Uniwersytet Krolewski;V
1517;Akademia Sztuk Pieknych;V
1518;Uniwersytet Pedagogiczny;I
1519;Uniwersytet Pedagogiczny;II
1520;Politechnika Krolewska;IV
1521;Politechnika Krolewska;I
1522;Uniwersytet Krolewski;IV
1523;Politechnika Informatyczno-Elektroniczna;II
1524;Politechnika Informatyczno-Elektroniczna;II
1525;Politechnika Informatyczno-Elektroniczna;III
1526;Politechnika Informatyczno-Elektroniczna;II
1527;Uniwersytet Krolewski;I
1528;Uniwersytet Krolewski;I
1529;Politechnika Informatyczno-Elektroniczna;II
1530;Politechnika Informatyczno-Elektroniczna;II
1531;Uniwersytet Krolewski;V
1532;Politechnika Informatyczno-Elektroniczna;I
1533;Politechnika Krolewska;III
1534;Uniwersytet Krolewski;I
1535;Uniwersytet Krolewski;I
1536;Uniwersytet Krolewski;II
1537;Politechnika Krolewska;I
1538;Uniwersytet Ekonomiczny;I
1539;Politechnika Informatyczno-Elektroniczna;I
1540;Politechnika Krolewska;I
1541;Uniwersytet Krolewski;II
1542;Politechnika Informatyczno-Elektroniczna;I
1543;Politechnika Krolewska;I
1544;Uniwersytet Krolewski;I
1545;Politechnika Krolewska;II
1546;Politechnika Krolewska;I
1547;Uniwersytet Pedagogiczny;I
1548;Politechnika Krolewska;V
1549;Uniwersytet Krolewski;I
1550;Uniwersytet Krolewski;IV
1551;Uniwersytet Krolewski;I
1552;Politechnika Informatyczno-Elektroniczna;III
1553;Uniwersytet Krolewski;I
1554;Politechnika Informatyczno-Elektroniczna;I
1555;Politechnika Krolewska;I
1556;Akademia Sztuk Pieknych;I
1557;Uniwersytet Ekonomiczny;I
1558;Politechnika Informatyczno-Elektroniczna;I
1559;Uniwersytet Krolewski;V
1560;Akademia Sztuk Pieknych;I
1561;Politechnika Informatyczno-Elektroniczna;I
1562;Uniwersytet Krolewski;II
1563;Politechnika Informatyczno-Elektroniczna;I
1564;Akademia Sztuk Pieknych;III
1565;Uniwersytet Krolewski;I
1566;Politechnika Informatyczno-Elektroniczna;II
1567;Uniwersytet Krolewski;I
1568;Politechnika Krolewska;II
1569;Uniwersytet Krolewski;II
1570;Akademia Sztuk Pieknych;II
1571;Uniwersytet Sportu i Turystyki;I
1572;Politechnika Informatyczno-Elektroniczna;I
1573;Uniwersytet Krolewski;I
1574;Politechnika Informatyczno-Elektroniczna;III
1575;Uniwersytet Krolewski;IV
1576;Uniwersytet Ekonomiczny;I
1577;Uniwersytet Krolewski;IV
1578;Akademia Sztuk Pieknych;I
1579;Politechnika Informatyczno-Elektroniczna;IV
1580;Politechnika Informatyczno-Elektroniczna;II
1581;Akademia Sztuk Pieknych;I
1582;Politechnika Informatyczno-Elektroniczna;I
1583;Politechnika Informatyczno-Elektroniczna;I
1584;Politechnika Krolewska;I
1585;Politechnika Informatyczno-Elektroniczna;V
1586;Politechnika Informatyczno-Elektroniczna;I
1587;Uniwersytet Sportu i Turystyki;I
1588;Politechnika Krolewska;V
1589;Politechnika Informatyczno-Elektroniczna;I
1590;Uniwersytet Ekonomiczny;II
1591;Politechnika Informatyczno-Elektroniczna;I
1592;Uniwersytet Krolewski;I
1593;Uniwersytet Krolewski;I
1594;Politechnika Krolewska;I
1595;Politechnika Krolewska;III
1596;Uniwersytet Krolewski;I
1597;Politechnika Informatyczno-Elektroniczna;I
1598;Politechnika Informatyczno-Elektroniczna;I
1599;Politechnika Informatyczno-Elektroniczna;I
1600;Uniwersytet Krolewski;I
1601;Politechnika Informatyczno-Elektroniczna;II
1602;Politechnika Krolewska;I
1603;Politechnika Informatyczno-Elektroniczna;I
1604;Politechnika Informatyczno-Elektroniczna;I
1605;Akademia Sztuk Pieknych;I
1606;Politechnika Krolewska;I
1607;Politechnika Krolewska;II
1608;Politechnika Krolewska;II
1609;Politechnika Krolewska;III
1610;Uniwersytet Krolewski;I
1611;Uniwersytet Pedagogiczny;III
1612;Politechnika Informatyczno-Elektroniczna;V
1613;Uniwersytet Krolewski;I
1614;Uniwersytet Pedagogiczny;I
1615;Politechnika Krolewska;IV
1616;Uniwersytet Krolewski;I
